DrugBankID,Type,inRepurposeDB,approved,logP calculated ALOGPS,logS calculated ALOGPS,Molecular Weight calculated ChemAxon,Monoisotopic Weight calculated ChemAxon,Polar Surface Area (PSA) calculated ChemAxon,Refractivity calculated ChemAxon,Polarizability calculated ChemAxon,Rotatable Bond Count calculated ChemAxon,H Bond Acceptor Count calculated ChemAxon,H Bond Donor Count calculated ChemAxon,pKa (strongest acidic) calculated ChemAxon,pKa (strongest basic) calculated ChemAxon,Physiological Charge calculated ChemAxon,Number of Rings calculated ChemAxon,
137,small molecule,TRUE,Y,-2.9,0.12,131.1299,131.0582432,80.39,30.45,12.55,4,4,2,4.05,7.84,0,0,T
311,small molecule,FALSE,N,-1.3,-0.26,192.1235,192.0270026,132.13,35.62,15.54,5,7,4,3.05,-4.2,-3,0,T
444,small molecule,TRUE,Y,3.28,-3.5,239.741,239.1076919,29.1,67.7,25.93,4,2,1,18.29,8.22,1,1,T
700,small molecule,FALSE,N,-1.5,1.14,61.0831,61.05276385,46.25,16.21,6.63,1,2,2,15.61,9.55,1,0,T
727,small molecule,FALSE,N,3.94,-4.7,290.83,287.8600664,0,54.08,23.08,0,0,0,,,0,1,T
750,small molecule,FALSE,Y,-3.3,0.87,75.0666,75.03202841,63.32,16,6.65,1,3,2,2.31,9.24,0,0,T
1003,small molecule,FALSE,N,,,96.9872,96.96907006,80.59,13.53,5.53,0,4,2,1.8,,-2,0,T
1125,small molecule,FALSE,Y,-1.7,-2,241.2471,241.1174894,132,68.43,23.4,2,8,6,10.01,3.58,0,2,T
1727,small molecule,FALSE,Y,0.08,0.46,94.1145,94.0530982,38.91,28.6,9.62,0,2,1,,8.95,1,1,T
1775,small molecule,FALSE,Y,2.26,-3.5,252.268,252.0898776,58.2,70.18,25.48,2,2,2,9.47,-9,0,3,T
1978,small molecule,FALSE,Y,1.43,-3.3,336.4259,336.2049074,87.66,94.87,38.51,10,5,3,13.91,9.57,1,1,T
1983,small molecule,FALSE,Y,0.51,-1.6,151.1626,151.0633285,49.33,42.9,15.52,1,2,2,9.46,-4.4,0,1,T
1990,small molecule,FALSE,Y,-1.5,0.83,75.0666,75.03202841,49.33,16.23,6.6,0,2,2,8.94,-5.4,0,0,T
2022,small molecule,FALSE,N,-0.95,-1.4,225.2046,225.0861892,114.76,54.63,21.51,4,7,3,7.99,2.63,0,2,T
2082,small molecule,FALSE,Y,3.22,-4.1,265.331,265.0884974,67.01,73.01,29.3,5,3,2,9.51,4.27,0,2,T
2083,small molecule,TRUE,Y,0.44,-2,239.3107,239.1521435,72.72,67.87,26.86,5,4,4,10.12,9.4,1,1,T
2088,small molecule,TRUE,Y,-1.3,-1.2,249.096,249.0167248,161.31,47.37,19.4,5,8,6,0.69,9.91,-1,0,T
2092,small molecule,FALSE,Y,2.02,-3.1,389.4488,389.2063044,111.83,107.11,42.71,8,8,2,14.64,7.3,1,3,T
2094,small molecule,TRUE,Y,-1.7,-1.4,136.1115,136.0385108,65.85,54.24,11.67,0,5,2,7.83,2.57,0,2,T
2099,small molecule,FALSE,N,1.85,-2.8,294.351,294.1480612,53.92,86.41,32.52,2,2,1,13.32,6.81,0,4,T
2118,small molecule,FALSE,Y,2.23,-4,308.765,308.0828741,43.07,98.88,32.22,1,3,0,18.3,5.08,0,4,T
2130,small molecule,TRUE,Y,2.53,-3.2,151.2487,151.1360995,26.02,45.54,17.92,0,1,1,,10.71,1,3,T
2153,small molecule,FALSE,Y,-0.26,-0.9,180.164,180.0647255,69.3,44.93,16.86,0,3,1,7.82,-0.78,0,2,T
2159,small molecule,FALSE,Y,1.5,-3.1,369.479,369.1722271,101.73,99.84,39.82,7,6,2,14.03,7.05,1,2,T
2160,small molecule,FALSE,Y,5.1,-4.8,277.4033,277.1830497,3.24,101.51,33.74,3,1,0,,9.76,1,3,T
2161,small molecule,FALSE,Y,2.76,-3.3,298.2934,298.0953569,102.51,81.43,30.82,2,5,2,4.3,0.87,-1,3,T
2162,small molecule,FALSE,Y,2.22,-4.7,408.876,408.1451996,99.88,108.64,42.29,10,5,2,,9.45,1,2,T
2170,small molecule,FALSE,Y,2.82,-3.3,313.781,313.0981899,36.86,89.82,32.82,0,3,1,,8.83,1,4,T
2179,small molecule,FALSE,Y,4.66,-5.1,393.459,393.1147122,80.32,107.69,41.65,4,5,2,10.82,8.44,1,4,T
2182,small molecule,TRUE,Y,1.95,-3,256.088,254.9966173,44.7,63.25,23.61,0,3,1,12.55,3.62,0,3,T
2187,small molecule,FALSE,Y,2.31,-3.6,293.3663,293.1640456,78.29,97.47,31.97,4,4,0,,2.25,0,2,T
2216,small molecule,FALSE,Y,2.14,-2.8,245.109,244.0282518,62.44,63.79,23.27,1,4,3,,8.48,1,2,T
2249,small molecule,FALSE,Y,0.57,-2.8,266.3361,266.1630426,84.58,73.51,29.98,8,4,3,14.08,9.67,1,1,T
2265,small molecule,TRUE,Y,0.84,-2.4,277.263,277.0381932,118.1,70.95,24.26,3,6,1,8.65,4,0,3,T
2266,small molecule,FALSE,Y,1.37,-1.9,188.2209,188.104859,74.6,46.54,20.5,8,4,2,4.15,,-2,0,T
2267,small molecule,FALSE,Y,3.81,-4.6,381.898,381.1607901,35.91,110.52,41.54,3,3,0,,8.88,1,4,T
2284,small molecule,FALSE,Y,-0.82,-2.5,213.661,213.0556563,63.32,54.83,21.13,4,3,2,3.89,9.79,0,1,T
2351,small molecule,FALSE,N,5.33,-4.8,366.5396,366.2671137,15.71,115.12,43.5,10,3,0,,9.16,1,3,T
2366,small molecule,FALSE,Y,0.59,-0.44,136.1943,136.1000484,24.92,41.33,15.85,3,2,1,,9.77,1,1,T
2369,small molecule,FALSE,Y,3,-4,307.4278,307.2147438,50.72,88.64,37.05,11,4,2,14.09,9.67,1,2,T
2370,small molecule,FALSE,Y,-2.8,-2.8,161.2221,161.1290028,52.32,54.44,17.73,4,1,1,15.34,,1,0,T
2375,small molecule,FALSE,Y,2.7,-4.7,430.373,430.0610405,107.26,96.59,36.68,6,5,2,11.95,-4,0,2,T
2405,small molecule,FALSE,Y,2.3,-3.7,325.443,325.2253085,59.95,92.15,38.5,12,5,2,14.09,9.67,1,1,T
2435,small molecule,TRUE,Y,1.27,-3.3,292.135,291.011958,62.2,68.49,25.74,1,5,2,,8.32,1,3,T
2441,small molecule,FALSE,Y,2.09,-3.9,316.153,315.0007246,54.35,76.99,28.11,1,3,1,12.24,2.68,0,3,T
2471,small molecule,FALSE,Y,3.44,-4.2,364.416,364.1092925,118.72,95.78,37.21,8,5,3,4.69,2.7,-1,2,T
2474,small molecule,TRUE,Y,3.31,-3.5,288.4277,288.2201635,32.34,90.19,34.19,5,2,1,13.62,8,1,2,T
2477,small molecule,FALSE,Y,1.95,-2.8,385.5031,385.2477753,69.64,108.89,44.12,6,6,0,,7.62,1,4,T
2478,small molecule,TRUE,Y,-0.9,-1.7,246.302,246.0231796,86.74,49.57,23.64,7,4,0,,,0,0,T
2519,small molecule,FALSE,Y,-0.24,-1.2,194.1906,194.0803756,58.44,49.83,18.95,0,3,0,,-0.92,0,2,T
2520,small molecule,FALSE,Y,5.23,-5.1,454.6016,454.2831577,63.95,132.65,51.7,13,6,0,,9.68,1,2,T
2541,small molecule,FALSE,Y,4.02,-4.8,440.454,440.1596885,118.81,134.92,45.35,7,7,2,2.97,1.71,-1,5,T
2554,small molecule,FALSE,Y,2.1,-3.2,236.2686,236.094963,46.33,71.89,25,0,1,1,15.96,-3.8,0,3,T
2576,small molecule,FALSE,Y,1.76,-2.5,260.33,260.1736073,90.65,67.1,28.77,9,2,2,15.06,,0,0,T
2578,small molecule,FALSE,Y,1.24,-2.1,214.05,213.007182,61.77,46.98,18.8,5,2,1,11.96,-5.3,0,0,T
2585,small molecule,FALSE,Y,3.05,-5,406.4742,406.1892573,75.74,115.64,45.03,10,5,3,14.03,8.74,1,4,T
2662,small molecule,TRUE,Y,3.99,-4.9,381.372,381.075882,77.98,92.23,35.2,4,3,1,10.7,-0.42,0,3,T
2678,small molecule,FALSE,Y,2.98,-3.8,388.888,388.1553704,53.01,106.87,41.88,8,5,1,3.6,7.79,0,3,T
2708,small molecule,FALSE,Y,3.81,-3.6,304.212,303.0792843,40.54,79.68,31.98,9,3,1,4.46,1.72,-1,1,T
2732,small molecule,FALSE,Y,1.27,-3.8,338.766,338.0128052,109.49,81.3,31.23,2,4,3,8.58,-2.6,0,3,T
2749,small molecule,FALSE,Y,2.15,-2.2,207.2689,207.1259288,40.54,60.91,23.12,1,2,1,6.84,-6.2,-1,2,T
2754,small molecule,FALSE,Y,3.38,-4.1,369.4607,369.2164751,81.93,117.13,41.15,7,5,1,14.42,-0.51,0,4,T
2756,small molecule,FALSE,Y,0.44,-2.5,252.339,252.1157152,88.89,70.32,27.47,5,5,3,13.38,6.91,0,1,T
2764,small molecule,FALSE,N,-0.57,-2.4,331.3415,331.1332197,72.88,87.94,33.12,3,6,2,5.76,8.68,0,4,T
2767,small molecule,TRUE,Y,,,298.035,296.939928,52.04,22.84,10.31,0,2,2,,5.06,0,0,T
2771,small molecule,FALSE,Y,3.58,-4.7,324.3919,324.1637915,36.26,94.02,35.4,5,3,0,,9.78,1,3,T
2789,small molecule,FALSE,Y,2.14,-3.3,300.74,300.0665554,40.62,80.3,30.07,1,2,0,4.07,-6.7,-1,3,T
2801,small molecule,FALSE,Y,5.04,-4.3,314.852,314.1549765,6.48,95.41,35.73,4,2,0,,9.2,1,3,T
2802,small molecule,TRUE,Y,2.76,-4.5,315.711,315.0410689,87.28,84.02,29.59,2,4,1,11.89,1.86,0,3,T
2803,small molecule,FALSE,Y,2.55,-2.7,230.094,229.0173527,36.42,59.09,21.7,1,3,2,,8.16,1,2,T
2818,small molecule,FALSE,Y,3.67,-3.2,326.823,326.1298243,30.87,97.36,35.77,0,4,1,15.9,7.35,1,4,T
2895,small molecule,FALSE,Y,4.73,-4.6,275.3874,275.1673997,3.24,102.62,32.95,3,1,0,,9.76,1,3,T
2907,small molecule,FALSE,Y,0.76,-1.2,261.086,260.0248197,41.57,58.48,23.72,5,2,1,12.78,-0.57,0,1,T
2955,small molecule,TRUE,Y,1.19,-2.9,248.301,248.0619483,86.18,68.99,25.05,2,4,2,,2.39,0,2,T
2972,small molecule,FALSE,Y,-0.6,0.29,139.1519,139.0633285,40.54,40.7,14.05,0,3,1,11.82,0.52,0,1,T
2973,small molecule,FALSE,Y,0.93,-3.8,560.684,560.3533625,205.84,144.95,62.41,23,9,6,7.92,10.23,1,0,T
3016,small molecule,FALSE,Y,2.63,-4.4,284.74,284.0716408,32.67,79.81,29.39,1,2,0,,2.92,0,3,T
3042,small molecule,FALSE,Y,5.82,-5,309.4867,309.2667794,29.54,91.78,37.39,8,2,0,,8.96,1,2,T
3059,small molecule,FALSE,Y,3.11,-3.5,250.1976,250.0441505,57.53,60.86,22.29,2,3,2,2.69,-6.3,-1,2,T
3108,small molecule,FALSE,Y,1.52,-2.7,504.6256,504.3172518,145.44,142.78,56.94,12,12,4,14.97,6.59,0,4,T
3114,small molecule,FALSE,Y,3.21,-3.8,339.4745,339.2310626,59.22,102.3,38.82,8,3,1,16.19,10.42,1,2,T
3121,small molecule,TRUE,Y,2.54,-1.8,144.2114,144.1150298,37.3,40.25,17,5,2,1,5.14,,-1,0,T
3151,small molecule,FALSE,Y,3.7,-3.7,425.911,425.1618527,67.92,119.37,45.61,5,3,2,12.52,7.03,1,5,T
3152,small molecule,FALSE,Y,4.14,-4.9,379.492,379.2147438,38.77,112.11,44.34,6,4,0,17.02,8.62,1,4,T
3157,small molecule,FALSE,Y,2.53,-2.8,451.4751,451.1855689,112.27,121.64,46.63,4,9,1,12.67,7.24,1,5,T
3219,small molecule,FALSE,Y,2.91,-2.3,302.4145,302.2106615,33.53,90.47,35.49,5,4,0,,8.68,1,3,T
3241,small molecule,FALSE,Y,2.53,-3.2,249.3104,249.1265975,41.62,76.9,27.33,0,3,1,,8.77,1,4,T
3261,small molecule,FALSE,Y,1.72,-3.8,294.738,294.0672241,43.07,94.44,29.83,1,3,0,18.4,4.97,0,4,T
3305,small molecule,TRUE,Y,-0.77,-1.2,206.0282,205.9745256,135.29,34.51,13.97,2,7,5,0.7,-5.1,-2,0,T
3308,small molecule,FALSE,Y,3.39,-3.9,287.3535,287.1521435,62.32,81.16,31.94,4,3,2,4.73,-4.2,-1,3,T
3324,small molecule,FALSE,Y,0.13,-2.4,321.3318,321.1437041,122.22,81.54,32.83,9,6,1,16.7,5.05,0,2,T
3331,small molecule,FALSE,Y,0.56,-2.5,238.2399,238.0953569,104.64,59.59,23.52,7,2,2,14.98,,0,1,T
3333,small molecule,FALSE,Y,4.36,-4.7,384.254,383.0691135,64.63,99.2,38.04,6,3,1,,5.39,0,2,T
3339,small molecule,FALSE,Y,4.86,-5.7,360.831,360.1128369,52.6,97.13,38.15,7,3,0,,-4.9,0,2,T
3342,small molecule,FALSE,Y,3.87,-3.5,242.2699,242.0942943,46.53,68.18,25.3,4,2,1,3.96,-8.7,-1,2,T
3345,small molecule,FALSE,Y,4.12,-4.2,336.4705,336.2201635,23.55,103.48,40.03,6,2,0,,8.77,1,3,T
3348,small molecule,FALSE,Y,5.02,-5.3,501.6564,501.2879087,81,147.98,57.42,10,5,3,4.04,9.01,0,4,T
3365,small molecule,FALSE,Y,0.58,-2.3,306.2708,306.1040654,81.65,97.2,26.52,5,5,1,12.71,2.56,0,3,T
3373,small molecule,FALSE,Y,1.54,-2.5,303.2884,303.1019195,64.43,87.93,29.97,3,3,0,,3.27,0,3,T
3380,small molecule,FALSE,Y,2.2,-4.6,313.2832,313.0862695,78.49,82.55,29.6,2,4,0,,1.7,0,3,T
3385,small molecule,TRUE,Y,-0.58,-1.4,130.0772,130.0178556,58.2,26.17,9.46,0,2,2,7.76,-8,0,1,T
3386,small molecule,TRUE,Y,4.09,-5.3,309.3261,309.1340488,21.26,80.37,30.33,7,2,1,,9.8,1,2,T
3397,small molecule,FALSE,Y,2.55,-4.7,276.2118,276.0721768,74.92,63.42,23.2,4,3,1,13.17,-3.7,0,1,T
3406,small molecule,FALSE,Y,0.41,0.83,82.1038,82.0530982,28.68,24.79,8.58,0,1,1,15.82,2.13,0,1,T
3410,small molecule,FALSE,Y,1.91,-3.9,344.4049,344.1736073,90.82,97.87,36.56,8,5,4,8.61,9.81,1,2,T
3440,small molecule,FALSE,Y,2.71,-3.5,330.744,330.0077199,122.63,77.47,30.55,5,5,3,4.25,-1.5,-1,2,T
3446,small molecule,TRUE,Y,-1.9,-1.6,171.2368,171.1259288,63.32,46.33,18.92,3,3,2,4.63,9.91,0,1,T
3454,small molecule,FALSE,Y,-1.8,-1.4,255.2306,255.0967539,134.99,61.03,24.15,5,7,4,10.16,1.76,0,2,T
3463,small molecule,FALSE,Y,3.61,-4,250.3334,250.1568946,46.53,71.82,28.9,6,3,1,4.42,-4.8,-1,1,T
3476,small molecule,FALSE,Y,2.82,-4.1,490.616,490.2249909,124.68,129.8,53.86,6,5,3,4.32,-3.7,-1,3,T
3478,small molecule,FALSE,Y,1.83,-4.4,445.535,445.1783751,130.15,115.62,47.64,6,6,3,4.32,0.059,-1,3,T
3494,small molecule,TRUE,Y,-1.2,-5.6,318.4305,318.2069188,46.53,101.08,35.88,5,2,1,11.53,-4.3,1,3,T
3510,small molecule,FALSE,Y,2.64,-2.9,312.4094,312.1950114,50.16,101.83,35.39,2,3,1,14.75,9,1,4,T
3517,small molecule,FALSE,Y,2.25,-3.4,231.082,230.0126017,76.76,58.15,21.58,2,4,2,,6.82,0,1,T
3519,small molecule,TRUE,Y,2.28,-3.2,246.093,245.0122673,78.97,69.63,21.75,2,3,3,12.94,6.65,0,1,T
3559,small molecule,FALSE,Y,3.7,-4.9,375.864,375.1401349,40.54,102.59,39.15,6,3,1,13.96,8.05,1,3,T
3637,small molecule,TRUE,Y,0.66,-1.8,160.1759,160.0748963,63.83,50.23,16.06,1,4,2,17.69,6.4,0,2,T
3639,small molecule,FALSE,Y,-0.16,-2.1,297.739,296.9644748,118.36,63.11,25.35,1,5,3,9.09,-2.7,0,2,T
3657,small molecule,FALSE,Y,-1.8,0.55,76.0547,76.02727738,75.35,14.91,5.94,0,2,3,10.14,-4.9,0,0,T
3672,small molecule,FALSE,Y,3.5,-3.5,206.2808,206.1306798,37.3,60.73,23.76,4,2,1,4.85,,-1,1,T
3676,small molecule,FALSE,N,1.81,-2.6,234.3373,234.1732133,32.34,73.93,27.77,5,2,1,13.78,7.75,1,1,T
3690,small molecule,TRUE,Y,0.57,-1.2,261.086,260.0248197,41.57,58.48,23.94,5,2,1,13.24,0.12,0,1,T
3696,small molecule,TRUE,Y,4.53,-3.6,280.4073,280.1939488,6.48,90.61,33.39,4,2,0,,9.2,1,3,T
3702,small molecule,FALSE,Y,2.52,-4,365.835,365.0600898,92.5,103.31,36.34,3,4,2,8.85,0.097,0,3,T
3715,small molecule,FALSE,Y,4.25,-5.2,357.788,357.0767857,68.53,94.81,36.64,4,4,1,3.8,-2.3,-1,3,T
3749,small molecule,FALSE,Y,4.51,-4.7,428.5294,428.2324595,87.13,136.72,47.59,7,5,1,7.4,4.12,0,5,T
3759,small molecule,FALSE,Y,1.19,-3,231.2505,231.1007767,67.16,74.78,24.51,4,3,2,12.02,3.12,0,2,T
3763,small molecule,FALSE,Y,2.3,-1.7,184.492,183.9714334,9.23,23.04,9.73,3,1,0,,-4.7,0,0,T
3784,small molecule,FALSE,Y,3,-3.2,371.3871,371.1481208,103.55,100.08,37.39,6,5,1,,5.33,0,3,T
3825,small molecule,FALSE,Y,3.29,-4.1,254.2806,254.0942943,54.37,72.52,26.56,4,3,1,3.88,-7.5,-1,2,T
3826,small molecule,FALSE,Y,2.66,-2.7,255.2686,255.0895433,59.3,70.19,26.67,3,3,1,3.84,-7.8,-1,3,T
3869,small molecule,FALSE,Y,1.73,-4.8,328.4055,328.1786926,95.58,94.72,36.83,8,4,4,8.05,9.8,1,2,T
3878,small molecule,FALSE,Y,1.87,-2.7,256.091,255.0078507,90.71,66.62,23.1,1,5,2,14.98,5.87,0,2,T
3883,small molecule,FALSE,Y,2.84,-3.2,369.361,369.075882,67.87,87.61,34.59,6,4,1,9.35,4.16,0,3,T
3899,small molecule,TRUE,Y,2.52,-3.5,270.2073,270.0616122,55.13,64.16,23.11,3,2,1,10.41,-0.45,0,2,T
3902,small molecule,FALSE,Y,1.86,-3.5,285.3027,285.1014454,78.29,94.47,29.59,3,4,0,,2.17,0,3,T
3948,small molecule,FALSE,Y,0,-3.5,351.3479,351.1394479,72.88,90.11,34.8,3,6,2,5.64,8.7,0,3,T
3957,small molecule,FALSE,Y,4.8,-4.5,382.883,382.1448057,42.43,116.98,41.67,2,2,0,,4.33,0,4,T
3958,small molecule,FALSE,Y,2.98,-4.3,321.158,320.011933,61.69,82.7,30.33,1,3,2,10.61,-2.2,0,3,T
3961,small molecule,FALSE,Y,4.5,-5,422.911,422.1621871,92.51,131.85,44.86,8,5,2,7.4,4.12,0,4,T
3964,small molecule,FALSE,Y,3.18,-3.5,327.808,327.1138399,28.07,95.11,34.99,0,3,0,,7.18,1,4,T
3998,small molecule,FALSE,Y,-0.37,-1.6,186.232,186.0462983,86.18,46.69,18.24,2,3,2,10.27,9.24,1,1,T
4011,small molecule,FALSE,Y,4.89,-6.3,277.4033,277.1830497,12.03,99.3,33.57,4,1,1,,10.54,1,4,T
4054,small molecule,FALSE,Y,3.31,-3.6,179.3018,179.1673997,26.02,54.49,21.82,0,1,1,,10.7,1,3,T
4075,small molecule,TRUE,Y,0.75,-1.1,153.1354,153.0425931,83.55,40,14.26,1,4,3,2.02,5.87,-1,1,T
4086,small molecule,FALSE,Y,-0.32,-1.5,211.2576,211.1208434,72.72,58.4,23.12,4,4,4,8.84,9.7,1,1,T
4091,small molecule,FALSE,Y,-1.8,-2,129.1636,129.1014454,88.99,56.64,13.43,0,5,4,,12.33,2,0,T
4114,small molecule,TRUE,Y,2.1,-3.1,216.1895,216.0422587,48.67,56.85,20.98,1,2,0,,-3.5,0,3,T
4158,small molecule,TRUE,Y,1.47,-3.1,233.3062,233.1415789,38.33,66.73,26.21,4,2,1,,9.09,1,2,T
4168,small molecule,FALSE,Y,2.18,-3,299.796,299.1400547,67.59,83.52,32.7,7,4,2,14.49,9.04,1,1,T
4170,small molecule,FALSE,Y,3.21,-4,365.835,365.0600898,92.5,94.59,36.38,2,4,2,9.54,-1.6,0,3,T
4171,small molecule,FALSE,Y,1.8,-2.8,267.3639,267.1834437,50.72,76.7,31.9,9,4,2,14.09,9.67,1,1,T
4173,small molecule,TRUE,Y,-0.15,-1.5,171.154,171.0643912,83.87,41.22,15.82,3,4,1,15.44,3.09,0,1,T
4174,small molecule,FALSE,Y,2.09,-2.7,226.2738,226.1106131,42.85,65.94,23.98,3,3,0,,4.87,0,2,T
4178,small molecule,FALSE,Y,2.17,-2.5,179.2588,179.1310142,35.25,54.97,21.17,3,2,1,,9.52,1,1,T
4184,small molecule,FALSE,Y,3.52,-3.1,264.3648,264.1626487,6.48,84.5,30.76,0,2,0,,6.92,0,4,T
4189,small molecule,FALSE,Y,5.86,-5.7,416.129,413.9860239,27.05,103.07,39.54,6,2,0,,6.77,0,3,T
4192,small molecule,TRUE,Y,3.89,-4.5,325.767,325.0782033,30.18,99.43,32.7,1,2,0,,6.57,0,4,T
4195,small molecule,FALSE,Y,-0.49,-1.8,254.2823,254.1266571,93.81,66.22,26.65,6,5,3,13.77,8.14,1,1,T
4197,small molecule,FALSE,Y,1.04,-3,211.2194,211.0745619,65.78,61.14,21.46,1,3,1,7.54,4.82,0,2,T
4205,small molecule,FALSE,Y,2.9,-2.4,265.3529,265.1578976,19.37,82.66,30.35,0,3,0,,6.67,0,4,T
4211,small molecule,FALSE,Y,6.08,-7.5,320.041,317.9536611,0,79.97,29.93,3,0,0,,,0,2,T
4212,small molecule,FALSE,Y,0.91,-2.8,444.4809,444.2008846,163.18,123.53,48.49,12,10,8,9.78,9.08,2,3,T
4236,small molecule,FALSE,Y,1.75,-2.6,273.35,273.0823494,60.16,77.39,28.71,5,2,1,8.84,-4.4,0,2,T
4409,small molecule,TRUE,Y,3.41,-5.1,228.2863,228.1150298,26.3,68.43,26.17,4,2,0,19.59,-4.8,0,2,T
4436,small molecule,FALSE,Y,3.44,-3.7,210.2744,210.1156985,24.39,65.52,23.77,2,2,1,,10.19,1,3,T
4440,small molecule,FALSE,Y,2.16,-3.5,335.464,335.1667477,65.2,94.26,38,4,3,2,11.55,9.18,1,3,T
4449,small molecule,FALSE,N,3.71,-3.8,470.007,469.224453,51.62,132.38,51.85,10,5,0,,7.09,1,4,T
4456,small molecule,FALSE,Y,-1.6,-3.6,223.2915,223.1446529,29.54,75.28,25.08,3,1,0,,,1,1,T
4485,small molecule,FALSE,Y,2.49,-4.3,346.3346,346.1164863,110.45,92.16,33.85,6,5,1,,5.33,0,2,T
4493,small molecule,FALSE,Y,1.74,-4.9,317.2207,317.0623404,95.23,68.23,25.88,3,4,1,15.01,-4.4,0,2,T
4497,small molecule,FALSE,Y,3.41,-4.5,418.4403,418.1740012,119.68,112.38,43.17,10,6,1,,5.41,0,2,T
4499,small molecule,FALSE,Y,3.63,-4.8,388.4144,388.1634365,110.45,105.91,39.72,8,5,1,,5.32,0,2,T
4510,small molecule,FALSE,Y,1.25,-3,227.0865,227.0025788,165.15,40.6,15.56,8,9,0,,-5.6,0,0,T
4539,small molecule,FALSE,Y,-0.47,-2.5,319.3308,319.1332197,72.88,85.48,32.26,3,6,2,5.77,8.68,0,3,T
4543,small molecule,FALSE,Y,4.65,-5.5,263.3767,263.1673997,12.03,96.21,31.87,3,1,1,,10.47,1,3,T
4583,small molecule,FALSE,Y,-0.02,-2.4,361.3675,361.1437843,73.32,94.94,36.69,2,7,1,5.45,6.2,-1,4,T
4585,small molecule,FALSE,Y,3.61,-3.5,312.432,312.1408674,30.87,93.87,35.37,0,4,1,14.17,7.24,1,4,T
4594,small molecule,FALSE,Y,1.66,-3,345.416,345.1147122,77.1,93.66,37.45,5,5,1,9.29,4.77,0,3,T
4595,small molecule,FALSE,Y,2.56,-3.1,293.363,293.1528122,39.82,86.78,33.16,2,2,0,15.39,7.34,1,4,T
4634,small molecule,FALSE,Y,4.36,-4.5,357.4864,357.2303939,49.77,105.26,41.25,10,3,1,11.53,8.77,1,2,T
4679,small molecule,FALSE,Y,2.11,-2.9,383.37,383.0751331,86.33,90.05,35.17,7,6,1,9.15,3.55,0,3,T
4725,small molecule,FALSE,Y,-0.86,-1.5,253.2578,253.1174894,125.76,64.59,25.11,5,7,4,8.01,2.84,0,2,T
4735,small molecule,FALSE,Y,1.32,-4.2,340.4195,340.189926,118.2,120.53,38.85,10,6,4,,12.13,2,2,T
4740,small molecule,FALSE,Y,0.08,-1.7,278.307,278.1378905,75.51,73.52,29.27,5,4,0,19.64,-0.93,0,2,T
4775,small molecule,FALSE,N,2.29,-2.5,164.2011,164.0837296,37.3,46.57,17.99,4,2,1,4.81,,-1,1,T
4828,small molecule,FALSE,Y,2.17,-2.5,248.3208,248.1524779,57.28,71.46,28.27,6,3,3,14.09,9.67,1,2,T
4829,small molecule,FALSE,Y,3.17,-4.9,356.439,356.1194632,68.29,97.39,37.91,7,4,1,6.66,5.6,-1,3,T
4845,small molecule,FALSE,Y,0.38,-1.6,240.2988,240.1473925,85.61,64.74,26.31,5,5,4,8.79,9.59,1,1,T
4891,small molecule,TRUE,Y,2.42,-2.9,312.4061,312.183778,40.62,88.79,34.84,1,2,0,19.38,-0.22,0,4,T
4893,small molecule,FALSE,Y,1.93,-2.7,383.4011,383.1593542,106.95,104.5,40.49,4,7,1,,7.24,1,4,T
4915,small molecule,TRUE,Y,0.53,-3,221.2988,221.1528122,53.16,86.98,25.88,5,3,3,15.03,5.6,0,1,T
4932,small molecule,FALSE,Y,3.1,-4.7,341.444,341.1990937,58.56,100.21,39.75,11,4,2,14.09,9.63,1,2,T
4946,small molecule,FALSE,Y,3.03,-3.5,259.3434,259.1572289,41.49,76.83,29.98,6,3,2,14.09,9.67,1,2,T
4991,small molecule,FALSE,Y,-3.1,-2.3,181.2117,181.0977027,33.42,49.66,19.38,2,1,0,19.53,,1,1,T
4999,small molecule,FALSE,Y,4.76,-5.2,386.794,386.0267596,15.6,93.47,33.99,3,1,0,18.93,2.59,0,3,T
5002,small molecule,FALSE,Y,2.93,-4,383.507,383.1667477,48.3,114.09,42.78,5,5,1,15.12,7.06,1,4,T
5029,small molecule,FALSE,Y,2.04,-3,359.443,359.1303622,77.1,98.07,39.64,8,5,1,9.35,4.24,0,3,T
5035,small molecule,TRUE,Y,5.45,-6,473.583,473.166079,70,135.48,52.55,7,5,2,8.89,7.95,1,5,T
5070,small molecule,TRUE,Y,2.83,-3.8,234.198,234.0074681,48.14,44.37,18.59,2,3,1,16.44,4.57,0,2,T
5071,small molecule,FALSE,Y,3.28,-4.3,179.3018,179.1673997,26.02,54.52,21.79,1,1,1,,10.14,1,3,T
5073,small molecule,FALSE,Y,3.27,-3.4,410.4845,410.2118043,61.94,114.55,45.27,4,4,0,,8.76,1,5,T
5078,small molecule,FALSE,Y,1.67,-2.9,269.3449,269.1640456,49.74,93.13,30,5,3,1,17.24,9.56,1,3,T
5090,small molecule,FALSE,N,2.32,-4.5,314.356,314.0612796,60.44,84.08,31.74,3,3,0,14.84,-7,0,3,T
5095,small molecule,TRUE,Y,3.16,-2.9,260.3746,260.1888634,32.34,81.43,31.19,7,2,1,13.24,10.17,1,2,T
5152,small molecule,FALSE,Y,3.82,-5.3,415.5656,415.2722587,81.95,122.39,50.6,16,5,4,10.12,9.4,1,2,T
5206,small molecule,FALSE,Y,2.44,-2.1,200.0548,200.0072122,9.23,23.3,9.83,4,1,0,15.07,-4.5,0,0,T
5210,small molecule,FALSE,N,5.05,-5.5,279.848,279.1753775,3.24,83.92,32.9,5,1,0,,9.77,1,2,T
5212,small molecule,TRUE,Y,2.35,-3,474.576,474.2049242,109.13,139.44,51.18,6,8,1,7.27,5.97,0,4,T
5245,small molecule,TRUE,Y,-0.75,-1.4,283.1123,283.0010747,148.18,57.12,21.91,4,8,5,0.68,4.91,-2,1,T
5253,small molecule,FALSE,Y,0.85,-2.5,272.364,272.1194632,78.43,71.12,29.34,5,4,3,10.07,9.43,1,1,T
5291,small molecule,TRUE,Y,3.47,-4.5,493.6027,493.2590086,86.28,148.93,55.54,7,7,2,12.45,8.27,1,5,T
5358,small molecule,FALSE,Y,1.17,-3.4,295.4,295.1354476,65.2,82.08,32.31,5,3,2,11.24,9.54,1,2,T
5379,small molecule,FALSE,Y,-0.23,-2.8,375.3941,375.1594344,82.11,98.82,38.29,4,7,2,5.69,8.73,0,4,T
5381,small molecule,FALSE,Y,5.15,-5.7,351.462,351.1292996,39.19,97.88,40.31,5,2,0,,1.23,0,3,T
5391,small molecule,FALSE,Y,2.16,-3.8,300.74,300.0665554,52.9,81.01,30.32,1,3,1,10.68,-1.4,0,3,T
5394,small molecule,TRUE,Y,-1,-1.6,194.1508,194.0552235,105.94,47.86,16.88,1,5,1,10.51,-3.6,0,2,T
5401,small molecule,FALSE,Y,1.12,-2.4,387.4329,387.1906543,103.04,105.18,41.26,4,8,1,19.93,7.24,1,4,T
5403,small molecule,FALSE,Y,0.55,-1.6,225.2842,225.1364935,72.72,63.04,24.78,4,4,4,8.86,9.76,1,1,T
5426,small molecule,TRUE,N,0.42,-2,258.2295,258.0640568,83.55,64.32,24.42,1,4,1,11.59,-6.4,0,3,T
5452,small molecule,FALSE,Y,5.93,-5.6,370.575,370.1537402,6.48,113.52,43.26,4,2,0,,8.93,1,4,T
5453,small molecule,TRUE,Y,0.17,-1.3,189.218,189.0489546,9.03,50.72,18.3,3,3,0,,-0.3,0,3,T
5468,small molecule,FALSE,Y,3.22,-3.9,260.308,260.0507149,54.37,69.19,26.78,4,3,1,4.03,-7.8,-1,2,T
5479,small molecule,FALSE,Y,-0.41,-1.9,247.272,247.0626766,97.78,57.66,23.27,5,5,0,,3.1,0,1,T
5487,small molecule,FALSE,Y,1.6,-3.3,253.711,253.0188937,62.2,64.77,23.97,1,5,2,,7.49,1,3,T
5526,small molecule,TRUE,Y,-1.4,-0.94,157.2102,157.1102787,63.32,41.9,17.28,2,3,2,4.56,10.22,0,1,T
5533,small molecule,FALSE,Y,2.68,-3.1,371.864,371.1512881,42.39,105.88,40.12,5,4,0,,7.09,1,4,T
5556,small molecule,FALSE,Y,2.94,-4.3,343.21,342.0439018,43.07,103.68,34.19,1,3,0,18.08,4.32,0,4,T
5578,small molecule,FALSE,Y,1.26,-2.7,290.3177,290.1378905,105.51,81.51,29.71,5,7,2,17.33,7.16,1,2,T
5591,small molecule,FALSE,N,4.16,-5.6,441.54,441.1609937,84.86,120.99,47.08,5,5,2,6.61,-4.6,-1,4,T
5596,small molecule,FALSE,Y,2.86,-6.8,392.5106,392.2225688,46.53,124.04,43.18,5,2,1,11.05,-4.5,1,5,T
5656,small molecule,FALSE,Y,2.69,-3.1,277.4018,277.2041791,32.7,83.02,32.33,5,3,1,14.42,8.91,1,2,T
5665,small molecule,FALSE,Y,-2.6,-0.13,129.157,129.0789786,63.32,34.29,13.64,4,3,2,4.61,9.91,0,0,T
5717,small molecule,FALSE,Y,4.84,-5.8,575.675,575.2090065,115.73,158.58,62.06,8,6,2,4.29,-1.1,-1,5,T
5719,small molecule,FALSE,Y,2,-3.9,305.3339,305.1276601,74.29,97.24,32.09,3,4,0,,0.3,0,3,T
5732,small molecule,FALSE,Y,3.15,-4,307.3895,307.1684623,37.61,93.58,35.06,3,2,0,,5.65,0,3,T
5734,small molecule,FALSE,Y,0.67,-2,212.226,212.0255628,86.19,50.3,19.48,2,3,1,9.84,-1.8,0,2,T
5743,small molecule,TRUE,Y,1.93,-3.9,392.4611,392.1999022,94.83,102.49,40.83,2,5,3,12.42,-3.3,0,4,T
5746,small molecule,TRUE,Y,-0.55,-1.5,334.3272,334.1277197,146.89,83.27,32.77,4,7,3,-0.3,6.8,0,4,T
5754,small molecule,FALSE,N,1.79,-3.3,362.4599,362.2093241,94.83,97.4,39.55,2,5,3,12.58,-2.8,0,4,T
5757,small molecule,TRUE,Y,3.57,-4.1,272.382,272.17763,40.46,79.9,32.13,0,2,2,10.33,-0.88,0,4,T
5775,small molecule,TRUE,Y,2.91,-3,281.3523,281.1528122,47.86,84.25,31.37,4,4,2,9.78,9.02,1,3,T
5780,small molecule,FALSE,N,-2.7,0.1,182.1718,182.0790382,121.38,38.4,17.12,5,6,6,12.59,-3,0,0,T
5852,small molecule,TRUE,Y,-1.7,-1.5,149.211,149.0510493,63.32,37.23,14.88,2,3,3,2.56,9.09,0,0,T
5920,small molecule,FALSE,Y,0.82,-4.5,650.9735,650.7900381,92.78,113.43,43.92,5,4,3,0.3,9.48,0,2,T
5961,small molecule,FALSE,N,-3.3,-0.17,146.1445,146.0691422,106.41,33.11,13.87,4,4,3,2.15,9.31,0,0,T
5994,small molecule,TRUE,Y,3.58,-4.8,314.4617,314.2245802,34.14,92.71,37.15,1,2,0,18.92,-4.8,0,4,T
6005,small molecule,TRUE,Y,2.51,-2.7,267.3224,267.1259288,43.7,79.99,29.7,0,3,2,6.58,13.25,0,4,T
6013,small molecule,FALSE,Y,,,,,,,,,,,,,,,T
6018,small molecule,TRUE,Y,3.23,-2.9,317.4226,317.1990937,38.77,91.31,36.59,4,4,0,18.24,7.41,1,3,T
6058,small molecule,TRUE,Y,0.01,-0.52,77.149,77.02991992,26.02,22.39,8.65,1,1,2,9.42,10.4,1,0,T
6215,small molecule,FALSE,Y,2.47,-3.9,452.4882,452.2010451,93.06,111.41,44.97,2,6,2,13.35,-3.3,0,5,T
6251,small molecule,TRUE,Y,-2.7,0.1,182.1718,182.0790382,121.38,38.4,16.82,5,6,6,12.59,-3,0,0,T
6256,small molecule,FALSE,Y,-0.45,-1.6,296.1999,296.0620061,99.1,56.34,23.07,3,5,3,7.6,-3,0,2,T
6279,small molecule,TRUE,Y,3.42,-5.2,386.5244,386.2457096,60.44,107.81,44.05,3,3,0,17.82,-4.9,0,4,T
6322,small molecule,FALSE,Y,-3.5,-1.9,174.201,174.1116757,125.22,53.92,17.8,5,6,5,2.41,12.41,1,0,T
8226,small molecule,FALSE,Y,1.74,-3.2,339.4314,339.1946771,68.36,99.58,38.73,4,3,3,15,7.93,1,4,T
9433,small molecule,FALSE,Y,,,420.4264,420.1981993,69.3,44.93,16.86,1,3,1,7.82,-0.78,0,4,T
9444,small molecule,TRUE,Y,-2.5,-1.3,244.2047,244.0807695,140.97,52.19,21.5,2,8,4,12.55,-0.38,0,2,T
9642,small molecule,FALSE,Y,2.93,-4.5,494.5249,494.2116098,99.13,120.56,49.12,4,6,1,13.55,-3.4,0,5,T
9651,small molecule,TRUE,Y,1.39,-2.2,287.3535,287.1521435,41.93,82.3,31.4,1,4,1,14.81,8.91,1,4,T
9878,small molecule,FALSE,Y,2.34,-4.4,376.4617,376.2049876,74.6,100.87,40.05,1,4,2,12.65,-3.4,0,4,T
9880,small molecule,FALSE,Y,3.81,-5.4,416.938,416.1754371,60.44,111.81,44.65,3,3,0,17.83,-5.6,0,5,T
10531,small molecule,FALSE,Y,3.04,-3.4,583.6774,583.2794693,118.21,159.39,63.3,4,6,3,9.71,8.39,1,8,T
10917,small molecule,TRUE,Y,-2.9,-1.6,161.1989,161.1051934,60.36,63.49,16.93,4,3,1,4.2,-3.6,0,0,T
12035,small molecule,TRUE,Y,-0.03,-1.5,163.195,163.0303138,66.4,37.67,15.34,3,3,3,3.82,-1.5,-1,0,T
12620,small molecule,FALSE,Y,9.31,-7.2,326.6,326.3548661,20.23,104.95,47.27,20,1,1,16.84,-2,0,0,T
13109,small molecule,FALSE,Y,3.25,-4.7,312.4458,312.2089301,37.3,92.03,36.73,1,2,1,17.91,-1.5,0,4,T
14969,small molecule,TRUE,Y,1.11,-3.8,1449.254,1447.4302,530.49,346.61,138.7,13,24,19,2.99,9.93,1,10,T
15209,small molecule,FALSE,Y,2.02,-3.9,436.5136,436.226117,93.06,110.79,45.74,2,6,2,13.73,-2.8,0,5,T
16078,small molecule,FALSE,Y,7.29,-5.1,314.4617,314.2245802,29.46,96.73,38.96,4,2,1,9.34,-4.9,0,3,T
16362,small molecule,FALSE,Y,6.36,-5.4,461.5462,461.227869,35.58,132.21,50.04,7,2,1,12.9,8.38,1,5,T
16850,small molecule,FALSE,Y,2.64,-4.1,332.3063,332.0684735,75.99,91.22,33.14,0,3,2,8.72,-6,0,5,T
18283,small molecule,FALSE,Y,-0.73,-0.74,224.2133,224.0797069,78.87,55.32,21.33,2,4,2,9.95,-3,0,2,T
18381,small molecule,FALSE,Y,3.19,-4.2,470.326,469.0265968,112.74,111.44,42.86,3,5,2,3.75,-0.71,-1,4,T
20279,small molecule,TRUE,Y,-0.12,-1.6,285.687,285.062867,119.31,67.18,25.93,2,7,3,13.89,1.33,0,3,T
21319,small molecule,FALSE,Y,2.69,-3.9,453.872,453.0561473,112.74,106.85,41.69,3,5,2,3.75,-0.93,-1,4,T
25419,small molecule,FALSE,Y,0.16,-1.5,244.892,243.8860163,115.06,38.21,15.3,2,6,4,0.62,,-2,0,T
27661,small molecule,FALSE,Y,-0.74,-0.53,191.1388,191.042987,93.74,38.08,15.85,2,6,1,13.34,-3.5,0,2,T
28417,small molecule,FALSE,Y,3.62,-4.3,337.4553,337.2041791,46.26,98.54,38.56,0,2,1,17.59,0.25,0,5,T
29029,small molecule,TRUE,Y,1.76,-2.1,424.983,424.1798706,102.26,105.72,44.49,7,6,4,12.16,7.55,1,2,T
29327,small molecule,FALSE,Y,-1.7,-0.9,265.2206,265.0909998,151.92,55.96,23.74,3,7,5,11.43,-3,0,1,T
30323,small molecule,TRUE,Y,1.68,-2.9,527.5199,527.1791462,185.84,132.89,52.94,4,11,5,9.53,8.94,1,5,T
30751,small molecule,TRUE,Y,-2.5,-2.1,365.2117,365.0536625,186.07,74.93,28.88,4,10,5,1.34,0.6,-2,3,T
31307,small molecule,FALSE,Y,0.84,-2.7,394.4339,394.1791668,115.06,99.38,39.79,2,6,4,11.75,-3.3,0,4,T
31401,small molecule,TRUE,Y,3.01,-4.3,392.572,392.2926598,77.76,109.27,46.33,4,4,3,4.6,-0.54,-1,4,T
31703,small molecule,TRUE,Y,1.41,-2.7,543.5193,543.1740608,206.07,134.59,53.87,5,12,6,9.53,8.94,1,5,T
32798,small molecule,FALSE,Y,3.49,-5,466.97,466.19223,80.67,119.32,48.28,5,4,1,13.63,-3.4,0,4,T
33255,small molecule,FALSE,Y,-0.4,-3,454.507,454.030013,156.09,119.86,41.44,7,9,2,3.03,0.26,-1,4,T
33613,small molecule,FALSE,Y,0.75,-2.6,365.404,365.1045414,132.96,89.5,35.53,4,6,4,3.23,7.43,0,3,T
33741,small molecule,TRUE,Y,2.71,-2.5,263.3752,263.188529,32.7,78.27,30.45,4,3,1,13.8,9.23,1,2,T
34312,small molecule,FALSE,Y,1.76,-3.2,252.268,252.0898776,63.4,71.56,25.72,0,2,1,12.92,-4.3,0,3,T
35370,small molecule,TRUE,Y,-0.1,-1.2,267.2413,267.0967539,108.3,61.7,24.93,3,6,2,9.96,-3,0,2,T
36294,small molecule,TRUE,Y,-3,-0.94,467.5145,467.2591278,268.17,106.69,47.18,6,14,10,12.54,9.83,5,3,T
36462,small molecule,FALSE,Y,0.73,-2.8,588.5566,588.1842911,160.83,139.02,58.77,5,12,3,9.33,-3.7,0,7,T
36523,small molecule,FALSE,Y,-0.09,-4.3,1182.2901,1181.573026,474.63,302.51,121.19,31,17,16,9.47,11.16,2,6,T
37464,small molecule,FALSE,Y,3.84,-4.1,291.4284,291.2198292,41.49,86.6,34.58,7,3,2,14.09,9.76,1,2,T
37542,small molecule,TRUE,Y,-1.9,-0.87,244.2047,244.0807695,143.72,64.57,22.18,3,7,4,11.88,-1.2,0,2,T
37720,small molecule,TRUE,Y,-2.5,-2.2,602.497,601.9223404,322.55,96.38,46.17,10,17,6,-2.9,-3.6,-4,2,T
38904,small molecule,FALSE,Y,,,371.254,371.0444813,52.6,29.01,14.06,0,2,0,,-6.6,0,2,T
39042,small molecule,FALSE,Y,3.97,-5.4,361.819,361.1080858,75.63,95.96,37.53,7,4,2,3.83,-0.84,-1,2,T
39147,small molecule,FALSE,Y,1.23,-2.1,309.4006,309.1940084,81.95,85.53,34.63,6,5,4,13.59,9.76,1,2,T
39186,small molecule,FALSE,Y,3.09,-4.4,414.518,414.161328,59.08,114.37,43.65,7,4,0,12.86,8.18,1,3,T
41684,small molecule,TRUE,Y,2.14,-4.6,307.282,307.0262911,114.11,73.89,27.54,5,5,1,8.3,-4.2,0,2,T
41693,small molecule,FALSE,Y,3.4,-4.5,386.551,386.2027989,32.78,111.42,43.85,8,3,0,,8.86,1,3,T
41781,small molecule,FALSE,Y,1.76,-3.8,348.42,348.1256112,100.19,91.89,36.15,4,5,3,5.92,4.2,-1,2,T
41867,small molecule,FALSE,Y,1.41,-2.7,543.5193,543.1740608,206.07,134.59,53.88,5,12,6,9.53,8.94,1,5,T
42113,small molecule,FALSE,Y,2.19,-1.7,168.0378,168.0009839,9.23,18.12,7.89,3,1,0,18.87,-4.8,0,0,T
42890,small molecule,TRUE,Y,1.69,-2.8,497.4939,497.1685815,176.61,126.43,50.33,3,10,5,9.55,8.95,1,5,T
43672,small molecule,FALSE,Y,0.67,-3.6,517.555,517.1631189,156.43,126.3,51.77,6,7,3,3.49,-4.3,-1,4,T
43815,small molecule,FALSE,Y,3.1,-4.6,329.3654,329.1427217,39.72,88.02,34.48,4,4,1,,9.77,1,4,T
44093,small molecule,FALSE,Y,1.02,-1.7,217.285,217.077264,57.61,54.63,21.72,3,3,2,4.02,-1.2,-1,1,T
47320,small molecule,FALSE,Y,3.41,-7.6,929.145,928.5085258,126.44,280.68,104.67,26,10,0,19.02,-4.1,2,6,T
47811,small molecule,FALSE,N,4.17,-5.7,314.488,314.1816695,19.03,97.02,38.4,4,1,1,17.35,9.49,1,4,T
50294,small molecule,FALSE,Y,2.18,-3.9,371.3408,371.1005019,121.21,98.09,36.95,5,8,2,2.28,-4.2,-2,3,T
50599,small molecule,FALSE,Y,-0.99,-1.6,236.2273,236.0909403,88.74,58.59,22.9,2,6,2,6.94,2.75,-1,3,T
51263,small molecule,TRUE,Y,2.2,-3.2,416.5172,416.2535889,81.05,118.59,45.57,9,6,0,,7.5,1,3,T
51634,small molecule,TRUE,Y,-1.1,0.18,219.278,219.1470582,84.16,55.74,23.99,4,5,4,12.9,8.49,1,1,T
53232,small molecule,FALSE,Y,4.11,-4.2,404.5396,404.2562743,72.83,113.18,46.11,7,3,1,14.91,-2.8,0,3,T
54454,small molecule,FALSE,Y,4.51,-4.5,418.5662,418.2719243,72.83,117.68,47.85,7,3,1,14.91,-2.8,0,3,T
54687,small molecule,FALSE,Y,2.23,-3.2,424.5277,424.2461035,124.29,113.6,46.56,11,6,4,4.21,-2.7,-1,2,T
54746,small molecule,FALSE,Y,2.97,-3.9,451.6043,451.2947255,71.68,133.5,52.5,8,4,2,15.25,9.32,2,4,T
55245,small molecule,TRUE,Y,5.33,-5.1,429.5937,429.2667794,40.54,132.58,50.71,3,3,1,12.87,4.89,0,5,T
55283,small molecule,TRUE,Y,5.48,-4.9,705.633,704.2393072,100.79,200.4,74.7,11,9,0,,3.92,0,7,T
55891,small molecule,FALSE,Y,4.71,-5.8,563.6625,563.3011893,110.21,149.12,61.17,15,5,1,3.87,-4.4,-1,3,T
56959,small molecule,FALSE,Y,2.08,-3.6,427.5365,427.2471066,74.27,123.46,47.22,9,6,2,13.6,7.17,1,3,T
57363,small molecule,TRUE,Y,3.53,-5.3,372.5441,372.2776784,58.2,108.2,43.93,2,2,2,14.53,2.22,0,4,T
57469,small molecule,FALSE,Y,2.83,-3,240.3036,240.1374965,56.73,72.54,26.67,2,3,1,,5.4,0,3,T
59768,small molecule,FALSE,Y,2.02,-3.3,295.374,295.1783583,67.79,81.05,33.68,10,4,2,14.09,9.67,1,1,T
60164,small molecule,FALSE,Y,6.06,-8,412.5201,412.2038448,46.53,122.07,47.65,4,3,1,3.99,-4.8,-1,6,T
60198,small molecule,FALSE,Y,2.67,-4.6,296.4034,296.17763,34.14,89.03,33.71,0,2,0,19.96,-5,0,4,T
60464,small molecule,FALSE,Y,-0.07,-3.5,392.3998,392.165997,98.9,101.69,38.98,3,7,3,5.75,8.79,0,4,T
60490,small molecule,FALSE,N,2.01,-3.6,236.29,236.0619483,66.56,61.96,24.14,2,2,2,8.84,-5.5,0,2,T
60606,small molecule,FALSE,Y,3.84,-4.4,321.822,321.0590272,29.54,84.93,33.19,4,2,0,,5.14,0,3,T
60613,small molecule,FALSE,Y,-2.1,-1.4,279.187,279.0620217,145.68,60.43,24.44,6,8,4,1.19,2.15,-1,1,T
60648,small molecule,FALSE,Y,4.98,-4.2,375.548,375.1326704,40.54,115.32,41.7,6,3,1,4.14,9.26,0,3,T
60726,small molecule,FALSE,Y,3,-4.4,334.165,333.0000559,80.39,80.26,29.93,4,4,2,3.81,1.59,-1,2,T
60795,small molecule,TRUE,Y,5.21,-4.8,448.385,447.1480325,44.81,124.34,49.23,7,4,1,13.51,7.46,1,4,T
60825,small molecule,FALSE,Y,-1.3,-1.9,229.256,229.0521119,88.15,55.16,21.7,2,5,2,14.29,-0.16,0,2,T
60843,small molecule,TRUE,Y,0.11,-4,427.4106,427.1491834,186.97,109.45,43.04,9,9,6,3.34,0.96,-2,3,T
60846,small molecule,FALSE,Y,3.68,-4.3,435.5188,435.2270398,112.07,134.77,47.27,10,6,2,4.37,-0.11,-1,3,T
60852,small molecule,FALSE,Y,0.26,-1.4,319.2289,319.0949751,138.53,71.16,29.51,9,8,5,0.66,9.93,-1,0,T
60855,small molecule,FALSE,Y,-2.3,-1.7,332.3098,332.133199,200.72,76.19,31.24,6,10,7,3.25,11.93,0,1,T
60857,small molecule,FALSE,Y,2.25,-3.2,287.3568,287.1633769,57.36,82.44,31.65,5,2,2,13,9.55,1,3,T
60860,small molecule,FALSE,Y,1.53,-3.5,275.0896,274.9919408,64.4,58.32,21.93,2,3,2,,11.27,1,1,T
60871,small molecule,FALSE,Y,1.49,-2.9,501.4705,501.1988495,166.98,119.99,49,15,8,1,18.59,5.13,0,2,T
60877,small molecule,FALSE,Y,-0.8,-2.1,247.247,247.0426901,88.15,55.37,21.79,2,5,2,14.29,-3.1,0,2,T
60953,small molecule,FALSE,Y,1.17,-3.2,359.3501,359.1492637,120.69,82.75,35.81,7,6,3,8.23,-3.6,0,2,T
60961,small molecule,TRUE,Y,-1.2,-1.3,267.2413,267.0967539,139.54,63.2,25.27,2,8,4,12.45,4.99,0,3,T
62886,small molecule,FALSE,Y,3.34,-7.5,1243.479,1242.500405,126.44,280.68,105.55,28,10,0,19.02,-4.1,2,8,T
62959,small molecule,FALSE,N,0.86,-3.8,416.3533,416.109625,99.76,101.04,38.34,3,7,2,5.41,9.44,0,5,T
64147,small molecule,FALSE,Y,-0.81,-1.9,354.3617,354.1651678,167.08,86.6,34.88,9,9,4,8.1,7.36,1,2,T
65016,small molecule,FALSE,Y,1.85,-4,505.627,505.2246566,131.19,134.08,53.6,11,6,3,13.61,2.39,0,3,T
65028,small molecule,FALSE,Y,1.3,-2.7,312.4045,312.2049074,90.65,84.2,34.65,8,4,2,14.03,9.31,1,1,T
65856,small molecule,FALSE,Y,3.06,-4.2,313.3908,313.1677936,39.72,89.48,34.17,6,4,1,,7.91,1,3,T
65863,small molecule,FALSE,Y,5.74,-4.8,437.77,435.9970669,27.05,111.6,42.93,6,2,0,,6.77,0,4,T
65866,small molecule,FALSE,Y,6.42,-6.6,611.7272,611.2995361,113.69,177.85,65.78,14,6,1,,9.36,1,4,T
65981,small molecule,FALSE,Y,5.05,-5.2,452.5857,452.2675077,78.87,131.83,51.49,10,5,2,3.68,4.82,-1,3,T
65999,small molecule,FALSE,Y,6.66,-5.2,514.6169,514.2368762,72.94,164.49,58.61,7,4,1,3.65,6.13,-1,6,T
68740,small molecule,FALSE,Y,-0.93,-1.9,272.0896,271.9963237,153.11,52.16,20.1,4,8,5,0.66,6.67,-2,1,T
68844,small molecule,FALSE,Y,-0.65,-2.7,383.507,383.0643329,118.8,87.2,37.93,7,6,2,8.19,6.78,0,2,T
71158,small molecule,FALSE,Y,-1.8,-0.98,181.21,181.0408785,83.47,38.91,17.17,4,4,2,-1.1,-0.47,-1,0,T
71301,small molecule,FALSE,Y,2.44,-4,405.435,405.1751647,70.95,103.32,41.98,6,5,3,13.52,8.9,1,4,T
71329,small molecule,FALSE,Y,2.17,-4.3,441.565,441.1392124,104.81,113.27,46.03,9,6,2,10.15,8.99,1,2,T
71360,small molecule,FALSE,Y,4.26,-4.2,426.4806,426.1954856,64.8,116.65,46.51,8,5,0,16.14,7.91,1,4,T
71384,small molecule,FALSE,N,-1.1,-1.4,268.2691,268.117155,98.82,64.25,26.12,3,6,2,11.2,3.6,0,2,T
71616,small molecule,FALSE,Y,1.65,-3.5,349.3105,349.1150447,76.72,95.28,30.54,5,5,1,12.71,2.27,0,3,T
72081,small molecule,FALSE,Y,-1.6,-3.9,1227.372,1226.496097,512.85,305.18,123.88,25,17,16,9.43,10.26,2,4,T
74989,small molecule,TRUE,Y,4.74,-5.7,366.837,366.1022722,54.37,103.11,39.55,2,3,1,8.23,-4.1,0,4,T
77992,small molecule,FALSE,Y,1.2,-3.3,243.3043,243.1371622,70.91,71.84,27.55,2,2,3,14.54,10.42,1,3,T
77993,small molecule,FALSE,Y,3.84,-5.5,382.519,382.1714988,53.17,110.94,42.99,6,3,1,17.11,8.37,1,4,T
82146,small molecule,FALSE,Y,6.86,-6.4,348.4779,348.2089301,37.3,117.12,40.89,3,2,1,4.07,,-1,3,T
82148,small molecule,FALSE,Y,2.83,-4.5,243.301,243.1259288,38.33,71.64,27.18,4,2,1,15.96,-0.94,0,2,T
82153,small molecule,FALSE,Y,2.2,-4.1,434.4977,434.2104669,93.06,111.89,44.88,2,6,2,13.73,-2.9,0,5,T
84029,small molecule,FALSE,Y,3.18,-3.5,747.9534,747.4768913,182.91,190.79,82.03,8,13,4,12.46,8.38,1,3,T
92253,small molecule,FALSE,Y,3.31,-3.5,288.4277,288.2201635,32.34,90.19,34.45,5,2,1,13.62,8,1,2,T
104758,small molecule,FALSE,Y,1.65,-4.4,458.488,458.1260051,148.4,117.39,45.55,9,9,4,3.72,-0.46,-2,3,T
104865,small molecule,TRUE,Y,4.18,-4.8,551.614,551.1838544,145.65,166.66,57.89,10,9,2,5.8,-0.43,-1,4,T
107807,small molecule,FALSE,Y,0.56,-2.5,368.4678,368.2311221,95.94,95.69,40,9,5,2,3.79,5.48,-1,2,T
108150,small molecule,FALSE,Y,2.04,-3.4,761.837,761.2618299,168.72,196.92,77.72,4,12,4,9.27,7.66,1,9,T
110634,small molecule,FALSE,Y,2.18,-3.2,488.603,488.2205742,109.13,142.71,53.22,7,8,1,8.01,6.21,0,4,T
110635,small molecule,TRUE,Y,2.36,-3.2,389.404,389.1375561,74.87,104.08,40.92,1,4,1,15.17,-4.2,0,6,T
115237,small molecule,FALSE,Y,2.3,-3.2,426.4839,426.206719,82.17,116.04,45.95,4,5,1,13.74,8.76,1,5,T
115355,small molecule,TRUE,Y,2.06,-4.6,329.2281,329.0511071,97.03,72.35,26.74,4,5,0,2.71,-7.3,-1,2,T
119182,small molecule,TRUE,Y,0.32,-1.8,303.677,303.0534452,119.31,67,26.06,2,7,3,12.71,1.3,0,3,T
119607,small molecule,FALSE,N,3.32,-4,314.359,314.072513,86.19,84.71,31.76,3,3,1,10.06,0.42,0,3,T
121396,small molecule,FALSE,Y,-1.1,-1,190.154,190.0589714,129.72,39.41,16.78,5,5,4,3.36,-2.3,-2,0,T
121892,small molecule,FALSE,Y,3.07,-4,303.3314,303.138305,76.38,87.02,31.97,6,4,3,13.6,3.99,0,2,T
123606,small molecule,FALSE,Y,2.04,-3.4,335.464,335.1667477,56.41,94.52,37.01,5,3,1,17.14,9.55,1,3,T
123619,small molecule,FALSE,Y,3.7,-5,358.842,358.0542761,59.92,95.04,36.42,3,4,0,19.69,4.96,0,3,T
123631,small molecule,FALSE,Y,4.02,-4.2,446.902,446.1520966,68.74,117.51,46.11,8,7,1,16.11,6.85,0,4,T
124087,small molecule,FALSE,Y,3.48,-4.9,310.821,310.1236763,24.92,101.04,34.35,0,2,1,,9.73,1,4,T
125017,small molecule,FALSE,Y,2.6,-2.3,263.3752,263.188529,43.7,78.54,30.29,4,3,2,10.11,8.87,1,2,T
126941,small molecule,TRUE,Y,-0.91,-3.4,454.4393,454.1713159,210.54,119.21,44.54,9,12,5,3.41,2.81,-2,3,T
129211,small molecule,FALSE,Y,3.05,-4.8,408.512,408.1718927,99.88,108.86,43.95,11,6,2,9.93,9.28,1,2,T
129228,small molecule,FALSE,Y,0.95,-2.6,238.1935,238.0666173,73.8,67.07,20.42,3,3,1,12.69,-1.1,0,2,T
132971,small molecule,FALSE,Y,5.1,-5.1,349.509,349.2405646,33.12,107.3,42.04,1,2,1,18.2,4.81,0,5,T
134780,small molecule,FALSE,Y,0.02,-2,273.2441,273.0749559,109.57,69.03,25.81,1,5,2,11.59,1.56,0,3,T
145068,small molecule,TRUE,Y,,,30.0061,29.99798863,34.14,2.89,1.69,0,2,0,,-2.9,0,0,T
146570,small molecule,FALSE,Y,3.58,-4.7,324.3919,324.1637915,36.26,94.02,35.21,5,3,0,,9.78,1,3,T
148121,small molecule,TRUE,Y,0.1,-4.4,477.4726,477.1760669,207.3,126.82,47.31,10,11,5,3.44,2.86,-2,3,T
148192,small molecule,FALSE,Y,4.08,-5.3,704.8555,704.389748,171.22,191.8,76.83,18,7,5,11.92,4.42,0,3,T
148211,small molecule,FALSE,Y,2.72,-2.8,296.4067,296.1888634,23.55,88.52,33.87,1,2,0,,7.97,1,5,T
149096,small molecule,TRUE,Y,-0.02,-2.4,361.3675,361.1437843,73.32,94.94,36.69,2,7,1,5.45,6.2,-1,4,T
149436,small molecule,FALSE,Y,-1.1,-3.2,473.4393,473.1658961,215.55,126.46,44.58,9,12,7,3.27,2.69,-2,3,T
150311,small molecule,FALSE,Y,4.14,-4.7,409.4252,409.14895,60.77,108.86,41.64,6,3,2,9.48,-3,0,4,T
150610,small molecule,FALSE,Y,-0.2,-3.2,475.515,475.1413209,156.27,121.8,48.77,7,8,5,3.37,9.03,-1,4,T
151075,small molecule,FALSE,Y,1.53,-4.1,254.2839,254.1055277,86.18,74.46,26.63,4,3,2,15.82,1.83,0,2,T
151171,small molecule,FALSE,Y,5.23,-5.5,498.5744,498.2055761,78.09,150.83,55.51,4,3,2,11.14,6.23,0,6,T
153994,small molecule,FALSE,Y,4.98,-5.2,456.316,455.0902429,90.93,113.93,45.12,10,4,1,,5.31,0,2,T
156391,small molecule,FALSE,N,3.29,-3.6,230.2592,230.0942943,46.53,64.85,24.64,3,3,1,4.19,-4.8,-1,2,T
158781,small molecule,FALSE,Y,2.98,-4.6,446.5016,446.2066387,129.81,137.32,47.46,8,7,3,0.91,5.57,-2,4,T
159269,small molecule,FALSE,Y,-1.3,-0.56,242.2286,242.0902716,99.1,55.41,23.25,2,5,3,9.96,-3,0,2,T
166548,small molecule,FALSE,Y,1.87,-4.3,1140.2369,1139.506294,377.42,292.29,122.38,14,17,14,9.46,-3.5,0,7,T
174174,small molecule,FALSE,Y,2.19,-2.1,289.3694,289.1677936,49.77,80.82,31.28,5,3,1,15.15,9.39,1,3,T
176870,small molecule,TRUE,Y,3.13,-4.6,393.4357,393.1688562,74.73,107.79,43.48,10,7,1,16.14,4.59,0,3,T
193962,small molecule,FALSE,N,3.67,-4.4,435.277,434.0490718,120.64,111.87,41.09,4,6,2,12.49,4.13,0,3,T
208898,small molecule,FALSE,Y,6.46,-5.4,556.756,556.2970932,88.85,158.13,66.05,17,5,1,9.08,9.79,1,3,T
208902,small molecule,FALSE,Y,3.03,-4.2,259.3434,259.1572289,38.33,75.52,29.99,4,2,1,15.82,-0.4,0,3,T
208908,small molecule,TRUE,Y,5.18,-4.4,581.058,580.1347319,106.35,152.42,61.19,11,7,2,15.99,7.2,1,5,T
213039,small molecule,FALSE,Y,1.76,-3.9,547.664,547.2352212,140.42,142.34,57.24,11,7,3,13.59,2.39,0,4,T
213046,small molecule,FALSE,Y,5.25,-4.8,492.676,492.2558971,56.75,139.33,56.2,5,5,0,,8.5,1,7,T
216235,small molecule,FALSE,Y,3.35,-4.4,454.905,454.0060053,107.73,105.8,43.12,5,6,1,6.89,0.75,-1,4,T
216239,small molecule,TRUE,Y,4.12,-5.4,464.825,464.0863027,92.35,114.52,41.11,6,3,3,11.55,2.03,0,3,T
216326,small molecule,TRUE,Y,-0.43,-2,259.2606,259.0956913,92.5,68.3,25.55,1,4,2,11.61,2.31,0,3,T
219024,small molecule,FALSE,Y,-0.89,-1.9,390.354,390.1400157,186.46,95.48,37.48,4,10,5,12.37,1.63,0,4,T
219078,small molecule,FALSE,Y,0.18,-2.7,250.2936,250.1317425,67.43,67.57,26.68,6,3,2,12.47,-1.5,0,1,T
259331,small molecule,FALSE,Y,4.97,-6.1,440.403,439.1680993,49.77,116.21,48.06,6,2,1,19.38,-0.88,0,4,T
387447,small molecule,FALSE,N,0.89,-3.9,384.237,384.1968858,124.44,99.37,40.6,9,6,4,13.04,-0.7,0,2,T
392622,small molecule,FALSE,Y,4.24,-5.8,720.944,720.3127601,145.78,194.59,77.4,18,6,4,13.68,2.84,0,4,T
439693,small molecule,TRUE,Y,-2,-1.4,268.2691,268.117155,112.13,64.98,26.44,2,7,4,13.06,8.33,1,3,T
441290,small molecule,FALSE,Y,2.71,-7.3,529.7742,529.4005332,59,161.65,62.87,6,4,1,14.59,7.96,2,6,T
441314,small molecule,FALSE,Y,-2.3,0.47,207.2243,207.1106727,104.39,48.16,20.81,3,6,5,12.9,7.6,1,1,T
441335,small molecule,FALSE,Y,2.81,-4.9,427.361,426.1364648,74.6,110.29,43.82,2,4,2,12.48,-3.3,0,4,T
441383,small molecule,FALSE,Y,4.58,-4.7,532.462,531.1803953,64.88,153.19,56.15,8,7,0,,8.41,1,5,T
443872,small molecule,FALSE,Y,1.67,-4.7,414.4914,414.2042387,82.2,106.68,43.79,2,4,0,15.11,-4.2,0,6,T
444036,small molecule,FALSE,Y,3.69,-4.6,500.571,500.1844294,80.67,121.65,49.26,6,4,1,13.56,-3.4,0,4,T
445643,small molecule,FALSE,Y,3.19,-5.3,804.0182,803.4819767,178.36,215.62,87.41,7,11,3,9.96,-2.9,0,4,T
446155,small molecule,FALSE,Y,3.69,-5,411.4659,411.1845865,82.69,114.86,43.9,8,4,3,4.56,-2.8,-1,3,T
446156,small molecule,FALSE,N,4.15,-5,459.5503,459.2421014,99.88,126.82,50.23,11,6,3,4.05,5.58,-1,2,T
446157,small molecule,FALSE,Y,1.47,-3.7,481.538,481.1682845,140.92,121.44,48.55,9,8,3,4,-2.8,-1,2,T
446541,small molecule,FALSE,Y,2.36,-4,320.3371,320.1259884,93.06,85.23,32.95,6,5,2,3.57,-4.1,-1,2,T
446596,small molecule,FALSE,Y,2.25,-4.3,500.6222,500.298533,146.05,129.39,55.5,17,8,4,4.83,-2.7,-1,2,T
447043,small molecule,FALSE,Y,3.03,-3.2,748.9845,748.5085258,180.08,194.11,83.11,7,13,5,12.43,9.57,2,3,T
449171,small molecule,TRUE,Y,5.66,-4.8,300.4351,300.2089301,37.3,97.79,35.95,5,2,1,5,,-1,1,T
449193,small molecule,FALSE,Y,4.47,-4.8,403.207,402.0349541,60.45,93.92,35.9,7,4,1,8.18,2.4,0,3,T
451668,small molecule,TRUE,Y,-2,-1.6,228.2053,228.0858549,120.74,50.68,21.15,2,7,3,13.89,-0.25,0,2,T
460612,small molecule,TRUE,Y,-0.22,-2.9,305.2,304.0745332,66.56,78.23,31.38,8,4,2,1.29,9.51,0,1,T
464205,small molecule,TRUE,Y,-1.5,-2.2,287.2123,287.0783405,136.38,67.53,25.54,5,8,3,1.35,5.12,-1,2,T
477468,small molecule,FALSE,Y,0.67,-3.8,1270.274,1269.43835,510.14,303.07,128.22,18,22,16,-2.2,-3.6,-1,7,T
644241,small molecule,TRUE,Y,4.51,-5.4,529.5158,529.183793,97.62,152.85,52.35,7,6,2,11.86,6.3,0,5,T
667490,small molecule,FALSE,Y,-0.13,-2.3,152.177,152.0156668,53.07,43.6,14.04,0,3,2,9.5,2.99,0,2,T
969472,small molecule,FALSE,Y,0.97,-2.6,388.808,388.1050661,91.76,95.89,37.67,3,6,0,13.04,6.89,0,4,T
1548943,small molecule,FALSE,N,3.8,-4.6,305.4119,305.1990937,58.56,90.32,36.32,9,3,2,9.93,-0.52,0,1,T
2724385,small molecule,FALSE,Y,1.04,-3.8,780.9385,780.4296068,203.06,193.23,84.8,7,13,6,7.15,-3,0,8,T
3000226,small molecule,FALSE,Y,4.97,-5,516.7092,516.3450893,104.06,144.12,59.77,6,5,3,4.66,-0.2,-1,4,T
3001028,small molecule,FALSE,Y,0.29,-4.8,350.429,350.1187945,80.67,89.07,36.64,2,4,1,-1.7,-7.5,-1,4,T
3001055,small molecule,FALSE,Y,0.79,-3.6,314.404,314.1412613,86.26,95.15,33.58,10,5,2,,8.08,1,1,T
3002977,small molecule,FALSE,Y,4.3,-4.7,513.6655,513.3279174,63.05,142.88,55.59,8,4,1,14.5,9.38,1,5,T
3010818,small molecule,FALSE,Y,2.56,-4.3,679.8493,679.4057325,179.56,180.04,74.37,14,8,4,11.86,-0.69,0,5,T
3011155,small molecule,FALSE,Y,-0.81,-1.3,297.2673,297.1073186,148.77,69.6,27.68,3,9,4,12.45,3.47,0,3,T
3033637,small molecule,FALSE,Y,0.7,-3.9,331.457,331.1136663,86.01,96.84,35.49,10,6,2,,6.83,0,1,T
3033825,small molecule,FALSE,Y,2.69,-3.5,280.2847,280.107259,113.43,77.63,28.67,3,6,2,10.53,4.91,0,2,T
3034010,small molecule,FALSE,Y,7.61,-6.7,495.7348,495.3923738,81.7,139.94,61.12,23,3,1,12.74,-0.91,0,1,T
3036505,small molecule,FALSE,Y,5.7,-5.9,378.891,378.1386577,29.46,121.68,41.97,8,2,1,15.1,-2.8,0,3,T
3062316,small molecule,FALSE,Y,2.77,-4.6,488.006,487.1557215,106.51,133.08,51.58,7,8,3,8.49,7.22,1,4,T
3081361,small molecule,FALSE,N,3.85,-5.3,475.354,474.1066669,58.45,122.45,46.83,5,6,1,10.81,9.14,1,4,T
3083544,small molecule,FALSE,Y,1.91,-3.9,344.4049,344.1736073,90.82,97.87,36.56,8,5,4,8.61,9.81,1,2,T
4369359,small molecule,FALSE,Y,1.95,-4.1,407.3136,407.1180794,77.04,87.49,32.66,5,4,1,,8.78,1,3,T
4659569,small molecule,FALSE,N,2.63,-3.7,273.2408,273.0637225,103.35,72.96,26.44,3,5,2,5.17,-6.4,-1,2,T
5280360,small molecule,FALSE,Y,3.31,-3.9,352.4651,352.2249741,94.83,99.44,41,12,5,3,4.3,-1.6,-1,1,T
5280453,small molecule,FALSE,N,5.51,-4.8,416.6365,416.3290453,60.69,126.53,51.37,6,3,3,14.39,-1.3,0,3,T
5280754,small molecule,TRUE,Y,4.12,-5.1,1202.6112,1201.841368,278.8,327.14,133.24,15,12,5,11.83,-2.4,0,1,T
5281004,small molecule,FALSE,Y,2.42,-4,430.5339,430.2355388,93.06,116.11,47.11,4,6,2,13.74,-2.9,0,5,T
5281006,small molecule,FALSE,Y,0.94,-3.4,389.426,389.1045414,132.96,101.27,39.35,5,6,4,3.53,7.43,0,3,T
5281037,small molecule,FALSE,Y,3.57,-4.7,424.513,424.145678,92.42,117.02,45.29,10,5,2,3.63,6.93,-2,3,T
5281040,small molecule,FALSE,Y,7.25,-7.8,586.183,585.2104424,70.42,169.5,66.36,12,4,2,4.4,3.12,-1,5,T
5281042,small molecule,FALSE,Y,3.8,-7.5,1029.2608,1028.560955,144.9,308.74,116.68,30,12,0,18.59,-4.1,2,6,T
5281071,small molecule,FALSE,Y,3.99,-4,337.4122,337.1677936,49.77,109.55,37.44,5,4,1,3.78,9.76,0,3,T
5281078,small molecule,TRUE,Y,2.17,-3.7,433.4947,433.2100524,94.53,117.1,45.55,10,6,1,9.76,6.19,0,3,T
5281081,small molecule,FALSE,Y,2.5,-3.6,305.286,305.1011706,130.38,80.51,29.48,5,6,2,5.68,-0.036,-1,1,T
5281104,small molecule,FALSE,Y,5.27,-4.8,416.6365,416.3290453,60.69,127.95,51.11,5,3,3,14.81,-1,0,3,T
5282226,small molecule,FALSE,Y,4.02,-4.8,500.5477,500.2385735,96.22,127.86,51.61,14,5,3,13.95,-2.9,0,2,T
5282379,small molecule,FALSE,Y,5.66,-4.8,300.4351,300.2089301,37.3,97.79,36.15,5,2,1,5,,-1,1,T
5284513,small molecule,FALSE,Y,5.2,-5.8,326.4293,326.1881947,46.53,104.17,38.54,6,3,1,5.01,-4.8,-1,1,T
5284543,small molecule,FALSE,Y,1.58,-2.1,301.3801,301.1677936,41.93,83.64,32.82,1,4,1,14.15,9.33,1,5,T
5284549,small molecule,FALSE,Y,-0.5,-2.7,324.44,324.0272191,106.33,72.46,31.55,3,5,2,8.18,7.14,1,2,T
5284569,small molecule,FALSE,Y,2.13,-2.6,299.3642,299.1521435,38.77,82.74,32.05,1,4,0,18,8.61,1,5,T
5284570,small molecule,FALSE,Y,1.69,-1.8,285.3377,285.1364935,49.77,78.26,30.02,0,4,1,10.11,8.59,1,5,T
5284603,small molecule,FALSE,Y,1.04,-1.8,315.3636,315.1470582,59,84.04,32.8,1,5,1,13.56,8.21,1,5,T
5284604,small molecule,FALSE,Y,1.26,-1.1,301.3371,301.1314081,70,79.56,30.77,0,5,2,7.34,10.93,1,5,T
5284627,small molecule,TRUE,Y,1.29,-1.7,339.362,339.0987873,115.54,72.3,32.42,3,8,1,11.09,-3.7,0,3,T
5288783,small molecule,FALSE,Y,4.63,-4.5,412.6047,412.2977451,60.69,125.45,49.59,5,3,3,14.39,-1.6,0,4,T
5288826,small molecule,FALSE,Y,0.99,-1.4,285.3377,285.1364935,52.93,80.12,29.95,0,4,2,10.26,9.12,1,5,T
5311027,small molecule,TRUE,Y,3.41,-4.3,415.5656,415.2722587,89.79,122.83,48.99,12,4,4,14.35,-0.23,0,2,T
5311066,small molecule,FALSE,Y,2.31,-3.9,416.5073,416.2198888,93.06,112.06,44.77,2,6,2,13.74,-2.9,0,5,T
5311067,small molecule,FALSE,Y,2.13,-4.1,376.4617,376.2049876,74.6,101.17,40.09,2,4,2,13.44,-3.3,0,4,T
5311068,small molecule,FALSE,Y,3.28,-3.1,200.2795,200.1313485,28.68,62.98,23.32,2,1,1,14.09,6.54,0,2,T
5311181,small molecule,TRUE,Y,5.04,-5.4,478.6197,478.2719243,83.83,139.85,55.4,13,4,2,13.72,-0.87,0,3,T
5311221,small molecule,FALSE,Y,4.16,-4.5,432.5928,432.2875744,86.99,124.34,50.71,14,4,3,14.47,-2.7,0,2,T
5311304,small molecule,FALSE,Y,2,-2.2,357.4434,357.1940084,73.16,97,38.59,2,5,3,7.45,13.75,1,6,T
5311309,small molecule,FALSE,Y,3.59,-4.6,317.4226,317.1990937,66.4,89.46,35.57,6,3,2,4,-0.38,-1,2,T
5312125,small molecule,FALSE,Y,2.96,-4.7,495.5345,495.2344911,97.05,128.92,49.89,14,6,3,14.87,9.66,1,3,T
5328940,small molecule,FALSE,Y,4.87,-4.8,530.446,529.1647452,82.88,142.12,56.14,9,8,1,15.48,8.43,1,4,T
5329102,small molecule,TRUE,Y,3.24,-4.1,398.4738,398.2118043,77.23,116.27,44.32,7,3,3,11.46,9.04,1,3,T
5359476,small molecule,FALSE,Y,2.92,-3.9,398.393,398.0684903,141.31,104.6,39.69,5,8,3,3.3,2.4,-2,3,T
5360373,small molecule,TRUE,Y,-0.52,-4.7,1415.552,1414.51898,627.07,344.16,142.03,36,28,20,11.34,7.67,2,6,T
5360515,small molecule,TRUE,Y,2.07,-2,341.4009,341.1627082,70,91.5,35.97,2,5,2,7.39,11.54,1,6,T
5360696,small molecule,FALSE,Y,3.75,-4.5,271.404,271.1936144,12.47,82.56,31.86,1,2,0,,9.85,1,4,T
5362065,small molecule,FALSE,Y,0.25,-3.6,453.45,453.0412892,184.51,104.91,41.62,8,10,4,3.45,2.92,-2,3,T
5362129,small molecule,FALSE,Y,0.92,-4,416.5106,416.2311221,95.94,111.19,44.78,10,5,2,3.75,5.2,-1,3,T
5362440,small molecule,FALSE,Y,3.26,-4.1,613.7895,613.362805,118.03,175.89,68.63,12,7,4,13.19,7.37,1,5,T
5388906,small molecule,FALSE,Y,6.37,-6.5,555.505,554.1568909,45.59,154.02,57.29,8,4,1,13.61,8.91,1,5,T
5479529,small molecule,FALSE,Y,-0.24,-3.2,424.385,424.0688842,173.76,97.17,38.75,8,7,3,3.15,-1.1,-1,3,T
5479530,small molecule,TRUE,Y,-0.01,-3.7,554.58,554.046057,208.98,128.47,51.47,8,12,4,3.19,4.17,-1,4,T
5479537,small molecule,FALSE,Y,-0.37,-4.5,480.561,480.1249593,150.04,141.98,47.53,7,8,2,3.25,4.06,0,4,T
5481173,small molecule,FALSE,Y,-1.2,-5,546.576,546.0991385,191.22,143.88,51.06,9,10,3,2.77,4.26,-1,4,T
5484727,small molecule,FALSE,Y,1.31,-4.3,430.5372,430.2467722,95.94,115.79,46.79,10,5,2,3.8,5.21,-1,3,T
5486971,small molecule,FALSE,Y,-1.4,-1.1,159.2261,159.1259288,63.32,43.68,18.08,5,3,2,4.8,10.23,0,0,T
5487301,small molecule,FALSE,N,1.03,-3.3,301.3867,301.1902604,95.03,112.16,35.41,7,6,4,14.91,9.8,1,2,T
5493381,small molecule,FALSE,Y,4.01,-4,373.3615,373.106256,108.47,125.32,38.52,4,6,3,4.55,0.19,-1,4,T
5493444,biotech,FALSE,Y,,,,,,,,,,,,,,,T
5742673,small molecule,FALSE,Y,0.14,-3.5,455.465,455.0569393,173.51,105.11,41.78,8,9,3,3.18,4.15,-1,3,T
6323490,small molecule,TRUE,Y,4.25,-4.7,847.0047,846.4415088,205.55,232.64,90.72,5,13,5,7.93,8.62,1,6,T
6335986,small molecule,FALSE,Y,0.05,-3.4,427.455,427.0620247,156.44,100.71,39.9,7,9,3,3.22,4.16,-1,3,T
6436173,small molecule,FALSE,Y,4.94,-5,785.8785,785.3523595,198.38,216.69,82.26,3,11,5,3.66,11.87,-1,6,T
6451164,small molecule,FALSE,Y,3.8,-4.5,366.4185,366.1592946,97.42,111.74,40.78,5,6,2,12.93,5.16,0,3,T
6915944,small molecule,FALSE,Y,0.02,-3.6,395.414,395.0358099,158.21,94.34,36.12,5,8,4,1.74,7.45,-1,3,T
6917715,small molecule,FALSE,Y,3.19,-4.6,324.4565,324.2089301,37.3,96.35,37.77,1,2,1,17.99,-1.5,0,4,T
6918140,small molecule,FALSE,Y,3.53,-4.7,390.5131,390.2406242,86.99,108,45.74,10,5,3,3.76,-1.3,-1,3,T
6918204,small molecule,FALSE,Y,,,1058.15,1058.31783,213.94,154.36,48.51,32,14,2,0.085,9.58,-4,1,T
6918296,small molecule,FALSE,Y,5.45,-5.8,528.5297,528.2211474,58.2,127.9,50.13,4,2,2,12.56,2.17,0,5,T
6918365,small molecule,FALSE,Y,2.44,-4.4,534.4267,534.150188,75.19,116.93,45.56,8,5,2,9.65,3.51,0,4,T
6918456,small molecule,FALSE,Y,3.67,-5.2,373.441,373.1147924,46.61,96.81,37.7,6,3,0,14.25,5.48,0,4,T
6918537,small molecule,FALSE,Y,1.12,-2.2,303.3993,303.1946771,76.36,82,33.17,3,4,2,14.71,9.03,1,4,T
6918554,small molecule,FALSE,Y,3.31,-4.7,392.4907,392.2099928,81.59,118.1,44.96,6,4,4,8.51,9.71,1,4,T
6918558,small molecule,FALSE,Y,5.45,-5.3,411.5769,411.2773441,49.77,124.08,48.29,11,3,1,14.98,10.64,1,2,T
6918670,small molecule,FALSE,Y,2.49,-3.2,430.5339,430.2355388,104.06,117.86,,4,5,3,12.09,-2.8,0,4,T
9552079,small molecule,TRUE,Y,2.71,-4.3,505.447,504.2031964,167.58,181.71,54.6,9,10,10,,10.52,4,2,T
9571107,small molecule,FALSE,Y,-0.82,-3.3,389.3809,389.1499324,121.35,99.74,39.3,5,9,2,5.53,9.53,0,4,T
9854073,small molecule,FALSE,Y,3.69,-5.3,835.9324,835.3779055,202.45,213.4,86.39,15,10,3,11.97,-3.6,0,6,T
9854489,small molecule,FALSE,Y,3.73,-4.1,538.576,538.163694,93.81,130.08,51.55,6,4,1,13.56,-3.4,0,5,T
9865528,small molecule,FALSE,Y,2.2,-5,396.506,396.1619967,100.27,113.23,44.2,9,5,4,13.84,9.62,1,3,T
9868491,small molecule,FALSE,Y,4.46,-4.9,452.5313,452.2374306,75.99,120.59,48.65,13,4,2,14.51,-2.9,0,2,T
9869929,small molecule,FALSE,Y,2.42,-4.2,483.951,483.1785654,125.39,131.75,50.87,9,9,3,12.53,5.54,0,4,T
9871419,small molecule,FALSE,Y,2.31,-3.9,522.568,522.1860805,138.44,142.13,51.27,10,9,4,12.94,2.93,0,5,T
9875401,small molecule,FALSE,N,1.74,-4.6,435.881,435.0655691,88.18,104.74,43.41,5,5,1,13.6,-1.6,0,4,T
9926791,small molecule,FALSE,N,1.58,-3,312.3696,312.1698593,88.91,87.8,32.65,3,5,1,8.46,7.13,1,3,T
10096344,small molecule,FALSE,Y,2.62,-4,472.5422,472.2335222,113.48,133.43,51.97,5,7,1,,9.86,1,5,T
10113978,small molecule,TRUE,Y,3.59,-4,437.518,437.1633937,119.03,132.18,45.41,5,7,2,10.41,5.07,0,4,T
10182969,small molecule,FALSE,Y,2.22,-3.8,459.4971,459.1906543,110.76,126.9,49.62,5,5,1,13.12,-1.6,0,5,T
10184653,small molecule,FALSE,Y,3.77,-4.6,485.938,485.1629956,88.61,131.38,50.07,8,7,2,12.49,8.81,1,4,T
10324367,small molecule,FALSE,Y,1.93,-4.3,519.6767,519.3420696,150.7,138.2,56.55,10,5,4,12.44,-0.91,0,3,T
10482134,small molecule,TRUE,Y,6.41,-7,530.6512,530.2668389,78.9,149.74,60.16,20,3,0,,-6.6,0,3,T
11167602,small molecule,FALSE,Y,4.53,-5.7,482.815,482.0768809,92.35,114.73,41.23,6,3,3,10.52,2.02,0,3,T
11238823,small molecule,FALSE,Y,4.94,-4.9,568.5336,568.1594138,139.57,149.52,57.73,10,7,1,9.21,1.75,0,6,T
11243969,small molecule,FALSE,Y,0.88,-2.1,315.41,315.1946771,90.35,83.99,34.22,2,4,2,14.74,7.9,1,5,T
11450633,small molecule,FALSE,Y,0.66,-2.8,339.3916,339.1695249,93.67,104.26,35.44,3,5,1,,9.47,1,3,T
11556711,small molecule,FALSE,Y,3.21,-5.2,719.9099,719.4257992,158.47,198.02,79.44,20,8,4,11.91,4.96,0,4,T
11626560,small molecule,TRUE,Y,3.82,-4.9,450.337,449.118544,77.99,128.43,45.43,5,5,2,,10.12,1,4,T
11707110,small molecule,FALSE,Y,3.45,-4.3,615.3948,615.0778759,102.06,156.38,55.43,5,5,2,12.6,-3.7,0,5,T
15951529,small molecule,FALSE,Y,3.75,-5.5,464.436,464.0930093,76.44,113.48,42.71,4,3,1,13.05,-1.7,0,3,T
16004692,small molecule,FALSE,Y,3.05,-4.9,588.273,585.9633491,128.22,126.98,50.55,9,9,2,7.76,2.26,0,3,T
16129704,small molecule,FALSE,N,-0.76,-4.7,2180.2853,2178.985813,901.57,543.33,215.46,66,37,28,2.79,11.88,-4,6,T
16220172,small molecule,FALSE,Y,5,-5.3,392.4907,392.2099928,78.43,118.68,43.04,4,4,3,6.57,-0.95,-1,3,T
24776445,small molecule,FALSE,Y,4.22,-5.4,421.297,420.0102184,76.13,107.81,39.49,4,4,1,10.27,3.7,0,3,T
24812758,small molecule,FALSE,Y,3.09,-5,444.516,444.1406728,90.15,116.14,46.5,5,5,4,12.57,-3,0,4,T
24826799,small molecule,FALSE,Y,3.94,-5.3,532.5595,532.2198441,65.77,152.63,55.69,7,5,1,11.36,8.03,1,5,T
25077649,small molecule,FALSE,Y,1.21,-4.9,1322.4713,1321.635626,472.13,357.8,137.29,33,17,17,9.49,11.92,1,8,T
42611257,small molecule,FALSE,Y,4.95,-6.1,489.922,489.0725463,91.92,121.97,48.1,6,4,2,7.17,3.2,0,4,T
44462760,small molecule,FALSE,Y,5.44,-5.2,519.562,519.1010509,110.86,127.51,49.71,5,6,2,7.16,2.91,0,4,T
54671203,small molecule,TRUE,Y,-0.72,-2.9,444.4346,444.1532658,181.62,113.89,42.88,2,9,6,-2.2,7.75,-1,4,T
54686904,small molecule,FALSE,Y,0.66,-3.1,585.6487,585.2798632,205.76,159.34,61.77,7,11,7,0.25,8.76,0,4,T
